date,obubba_ratings,obubba_stars,nappi_ratings,nappi_stars,napnap_ratings,napnap_stars
2026-09-19,62,4.66129,12,5,0,0
2026-09-20,64,4.67188,12,5,0,0
2026-09-21,65,4.67692,11,5,0,0
2026-09-22,65,4.67692,11,5,0,0
2026-09-23,65,4.67692,11,5,0,0
2026-09-24,68,4.64706,11,5,0,0
2026-09-25,68,4.64706,11,5,0,0
2026-09-26,70,4.65714,12,5,0,0
2026-09-27,74,4.67568,13,4.84615,0,0
2026-09-28,74,4.67568,13,4.84615,0,0
2026-09-29,74,4.67568,14,4.85714,0,0
2026-09-30,74,4.67568,15,4.86667,0,0
2026-10-01,74,4.67568,15,4.86667,0,0
2026-10-02,74,4.67568,15,4.86667,0,0
2026-10-03,74,4.67568,17,4.88235,0,0
